﻿<?xml version="1.0" encoding="utf-8"?>
<mets:mets xsi:schemaLocation="http://www.loc.gov/METS/ http://www.loc.gov/standards/mets/mets.xsd http://www.w3.org/1999/xlink http://www.loc.gov/standards/mets/xlink.xsd https://DILCIS.eu/XML/METS/CSIPExtensionMETS https://earkcsip.dilcis.eu/schema/DILCISExtensionMETS.xsd" xmlns:xsi="http://www.w3.org/2001/XMLSchema-instance" xmlns:mets="http://www.loc.gov/METS/" xmlns:csip="https://DILCIS.eu/XML/METS/CSIPExtensionMETS" xmlns:sip="https://DILCIS.eu/XML/METS/SIPExtensionMETS" xmlns:xlink="http://www.w3.org/1999/xlink" OBJID="Berlage brug-B-uuid-9a1e21c1-87ba-43e5-aa56-8ebaf3bce24c" TYPE="OTHER" csip:OTHERTYPE="Heritage Model Data" csip:CONTENTINFORMATIONTYPE="cits3dhm_v1_0" LABEL="Model Data Berlage brug B" PROFILE="https://earkcsip.dilcis.eu/profile/E-ARK-3DHM-v1-0-0.xml">
  <mets:metsHdr CREATEDATE="2024-09-01T13:44:34" LASTMODDATE="2024-09-01T13:44:34" RECORDSTATUS="NEW" csip:OAISPACKAGETYPE="SIP" xmlns:csip="https://DILCIS.eu/XML/METS/CSIPExtensionMETS" xmlns:mets="http://www.loc.gov/METS/">
    <mets:agent ROLE="CREATOR" TYPE="OTHER" OTHERTYPE="SOFTWARE">
      <mets:name>Penwern Curate</mets:name>
      <mets:note csip:NOTETYPE="SOFTWARE VERSION">1.1.4</mets:note>
    </mets:agent>
    <mets:agent ROLE="PRESERVATION" TYPE="ORGANIZATION">
      <mets:name>City of Amsterdam</mets:name>
      <mets:note csip:NOTETYPE="IDENTIFICATIONCODE" xmlns:csip="https://DILCIS.eu/XML/METS/CSIPExtensionMETS">ID:1234567</mets:note>
    </mets:agent>
    <mets:agent ROLE="CREATOR" TYPE="INDIVIDUAL">
      <mets:name>Thijs van Leer</mets:name>
      <mets:note>Phone: 31 6 12 34 56, Email: thijs.van.leer@amsterdam.mail</mets:note>
    </mets:agent>
    <mets:agent ROLE="CREATOR" TYPE="ORGANIZATION">
      <mets:name>Focus Engineering</mets:name>
      <mets:note csip:NOTETYPE="IDENTIFICATIONCODE" xmlns:csip="https://DILCIS.eu/XML/METS/CSIPExtensionMETS">ID:89101112 </mets:note>
    </mets:agent>
    <mets:agent ROLE="SUBMITTER" TYPE="INDIVIDUAL">
      <mets:name>Jan Akkerman</mets:name>
      <mets:note>email: jan.akkerman@sylvia.mail</mets:note>
    </mets:agent>
    <mets:altRecordID TYPE="PREVIOUSREFERENCECODE">FR/FM/122684/22/H</mets:altRecordID>
    <mets:altRecordID TYPE="REFERENCECODE">FR/RA/123456/24/P</mets:altRecordID>
    <mets:altRecordID TYPE="PREVIOUSSUBMISSIONAGREEMENT">http://submissionagreement.le.fr/dnr330-1122-2009/20110613/</mets:altRecordID>
    <mets:altRecordID TYPE="SUBMISSIONAGREEMENT">http://submissionagreement.le.fr/dnr331-1144-2011/20120711/</mets:altRecordID>
  </mets:metsHdr>
  <mets:dmdSec ID="uuid-7883ddcb-9530-49cc-b91a-5faa164956ce" CREATED="2024-09-01T13:44:34" STATUS="CURRENT" xmlns:mets="http://www.loc.gov/METS/">
    <mets:mdRef LOCTYPE="URL" xlink:href="metadata/descriptive/ead1.xml" xmlns:xlink="http://www.w3.org/1999/xlink" xlink:type="simple" MDTYPE="EAD" MIMETYPE="text/xml" SIZE="3650" CREATED="2024-08-30T14:38:40" CHECKSUM="064c9ef127472a092e2ed1e6e139464a7116ced4ccbd92ae2215600ffca95261" CHECKSUMTYPE="SHA-256" />
  </mets:dmdSec>
  <mets:amdSec>
    <mets:digiprovMD ID="uuid-14953754-7ca4-11ee-b962-0242ac120002" CREATED="2024-09-01T13:44:34" STATUS="CURRENT">
      <mets:mdRef LOCTYPE="URL" xmlns:xlink="http://www.w3.org/1999/xlink" xlink:href="metadata/preservation/premis1.xml" xlink:type="simple" MDTYPE="PREMIS" MIMETYPE="text/xml" SIZE="6687" CREATED="2024-06-10T11:08:07" CHECKSUM=" 1451A3C3348596AA8DEE4583F9648366FA22C4911E2BBA8901499DC9B25C05AC" CHECKSUMTYPE="SHA-256" />
    </mets:digiprovMD>
    <mets:rightsMD ID="uuid-c10501a0-610a-11ee-8c99-0242ac120002" STATUS="CURRENT">
      <mets:mdRef LOCTYPE="URL" xmlns:xlink="http://www.w3.org/1999/xlink" xlink:href="metadata/preservation/premis2.xml" xlink:type="simple" MDTYPE="PREMIS" MIMETYPE="text/xml" SIZE="6848" CREATED="2024-06-10T11:03:52" CHECKSUM="66EEDDF0A22EF57078694B67CA45DF301034556D6CB493531356C4FFE92AB6B1" CHECKSUMTYPE="SHA-256" />
    </mets:rightsMD>
  </mets:amdSec>
  <mets:fileSec ID="uuid-b1765561-a5c8-47f7-96a7-51b433e5c95e">
    <mets:fileGrp USE="Authentication Documentation" ID="uuid-74687245-40f1-4c96-bef3-1b2b2c2af80f" ADMID="uuid-14953754-7ca4-11ee-b962-0242ac120002">
      <mets:file ID="ID-64bd8f58-f5cb-4236-8c29-2e7934272fdd" CHECKSUM="f1945cd6c19e56b3c1c78943ef5ec18116907a4ca1efc40a57d48ab1db7adfc5" CHECKSUMTYPE="SHA-256" MIMETYPE="text/xml" SIZE="3" CREATED="2024-09-01T13:31:53">
        <mets:FLocat xlink:href="documentation\authentication\dataqualityrules_Ber;age brug-B.xml" LOCTYPE="URL" xlink:type="simple" />
      </mets:file>
    </mets:fileGrp>
    <mets:fileGrp USE="Other Documentation" ID="uuid-419e601f-fd00-459e-a60e-0fe4a094afd3" ADMID="uuid-14953754-7ca4-11ee-b962-0242ac120002">
      <mets:file ID="ID-93f5b578-e753-48e4-ba53-e3b21542d49c" CHECKSUM="bba7f7f2a0494e0dcf3d76b628e45222e42c268291449c8071a0373fc86eda60" CHECKSUMTYPE="SHA-256" MIMETYPE="application/pdf" SIZE="166849" CREATED="2023-08-03T15:04:29">
        <mets:FLocat xlink:href="documentation\other\Berlage brug-B-LICENCE-2019.pdf" LOCTYPE="URL" xlink:type="simple" xmlns:xlink="http://www.w3.org/1999/xlink" />
      </mets:file>
      <mets:file ID="ID-52f6be25-d994-478b-9301-9e21549c273a" CHECKSUM="f393eb0376e649e4ccf0e138fe8bcb105c6863b9464e2ff06989865b1c8fe47a" CHECKSUMTYPE="SHA-256" MIMETYPE="application/pdf" SIZE="429699" CREATED="2020-11-29T16:59:32">
        <mets:FLocat xlink:href="documentation\other\submissionagreement.pdf" LOCTYPE="URL" xlink:type="simple" xmlns:xlink="http://www.w3.org/1999/xlink" xmlns:mets="uri:1" />
      </mets:file>
    </mets:fileGrp>
    <mets:fileGrp USE="Representations\rep1-derived-product-model" ID="uuid-b140b4b3-ca00-4b11-b0ae-7e368e270250" ADMID="uuid-c10501a0-610a-11ee-8c99-0242ac120002" DMDID="uuid-7883ddcb-9530-49cc-b91a-5faa164956ce">
      <mets:file ID="uuid-2c71df69-6c95-459b-8052-093d95f70706" CHECKSUM="1aa53ee7b50f8f050497e89fed8d1ac4f3b433cef3fbe6938c8e95d68cadee0a" CHECKSUMTYPE="SHA-256" MIMETYPE="text/xml" SIZE="6387" CREATED="2024-07-04T10:34:51">
        <mets:FLocat xlink:href="representations\rep1-derived-model\METS.xml" LOCTYPE="URL" xlink:type="simple" />
      </mets:file>
    </mets:fileGrp>
    <mets:fileGrp USE="representations\rep2-original-model" ID="uuid-250363ba-2dc0-4efb-a5b0-4af930d84d23" ADMID="uuid-c10501a0-610a-11ee-8c99-0242ac120002" DMDID="uuid-7883ddcb-9530-49cc-b91a-5faa164956ce">
      <mets:file ID="uuid-bbe54699-5b24-44fc-a2a4-ca3b8fc1b044" CHECKSUM="ab1c2059587ddf489a829edc657ed05802ea1b9d198ce1751db84d807c784920" CHECKSUMTYPE="SHA-256" MIMETYPE="text/xml" SIZE="8586" CREATED="2024-07-04T10:34:14">
        <mets:FLocat xlink:href="representations\rep2-original-model\METS.xml" LOCTYPE="URL" xlink:type="simple" />
      </mets:file>
    </mets:fileGrp>
    <mets:fileGrp USE="Schemas" ID="uuid-f4ac4343-b5c2-442c-99ee-7857ea642321" ADMID="uuid-14953754-7ca4-11ee-b962-0242ac120002">
      <mets:file ID="ID-db45fe2a-0b13-4b2c-baa1-2e124a4ede0f" CHECKSUM="f868e00f55a64d06f0d0e376b0316549002808e3a2aee70040809405311b7dee" CHECKSUMTYPE="SHA-256" MIMETYPE="application/xml" SIZE="52571" CREATED="2023-09-04T14:46:24">
        <mets:FLocat xlink:href="schemas\premis3.xsd" LOCTYPE="URL" xlink:type="simple" />
      </mets:file>
      <mets:file ID="uuid-e6492e6f-4280-4839-a47a-5299cf10d7cb" CHECKSUM="cac7ea4afdadf2167c6cc392c93b6526f518cfbeb0f26f6bec4b45b1a9b13b85" CHECKSUMTYPE="SHA-256" MIMETYPE="application/xml" SIZE="113583" CREATED="2023-11-07T17:30:15">
        <mets:FLocat xlink:href="schemas\ead3.xsd" LOCTYPE="URL" xlink:type="simple" />
      </mets:file>
      <mets:file ID="uuid-c522c2cd-56e4-4d98-b792-7566ba125426" CHECKSUM="77a6684b3228b1857e0f325c1656a208f2fa12f76aa12a0c9e92853b70ef42c2" CHECKSUMTYPE="SHA-256" MIMETYPE="application/xml" SIZE="135096" CREATED="2021-10-26T14:01:46">
        <mets:FLocat xlink:href="schemas\mets.xsd" LOCTYPE="URL" xlink:type="simple" />
      </mets:file>
      <mets:file ID="uuid-c6e674b4-ae30-4437-84bd-1ea5a5d4801f" CHECKSUM="f1f5bb6003165cdd8f6c1fcc32f8fd1f965e1681010f3b9806d9460bcffa8a3c" CHECKSUMTYPE="SHA-256" MIMETYPE="application/xml" SIZE="3180" CREATED="2023-09-01T13:31:54">
        <mets:FLocat xlink:href="schemas\xlink.xsd" LOCTYPE="URL" xlink:type="simple" />
      </mets:file>
    </mets:fileGrp>
  </mets:fileSec>
  <mets:structMap ID="uuid-2c3c5394-7ece-4842-956a-8e9a8a66591c" TYPE="PHYSICAL" LABEL="CSIP">
    <mets:div ID="uuid-c49acde6-e3f8-41eb-87b6-fa5d7a41ffb4" LABEL="Mars Rover - uuid-7981adcd-a212-47b7-9bec-8844f523abfb">
      <mets:div ID="uuid-8a54416b-1abd-46c0-b7ad-7b3c72846e1d" DMDID="uuid-7883ddcb-9530-49cc-b91a-5faa164956ce" LABEL="Metadata" />
      <mets:div ID="uuid-4babc882-f166-43a0-b4da-f646ece1a94f" LABEL="Documentation">
        <mets:div ID="uuid-8c158093-0419-45d2-80bb-12d71c465e42" LABEL="Authentication Documentation">
          <mets:fptr FILEID="uuid-74687245-40f1-4c96-bef3-1b2b2c2af80f" />
        </mets:div>
        <mets:div ID="uuid-3e1aa740-309e-4964-9b64-22b4c1c1b281" LABEL="Other Documentation">
          <mets:fptr FILEID="uuid-419e601f-fd00-459e-a60e-0fe4a094afd3" />
        </mets:div>
      </mets:div>
      <mets:div ID="uuid-845ff48c-1fa0-4207-b23c-caeb24ecd838" LABEL="Representations\rep1-drived-product-model">
        <mets:mptr xlink:type="simple" xlink:href="representations\rep1-derived-product-model\METS.xml" LOCTYPE="URL" />
      </mets:div>
      <mets:div ID="uuid-fdae5206-43da-4e5a-8bdb-79273f79d570" LABEL="Representations\rep2-original-product-model">
        <mets:mptr xlink:type="simple" xlink:href="representations\rep2-original-product-model\METS.xml" LOCTYPE="URL" />
      </mets:div>
      <mets:div ID="uuid-28b76812-c6c2-47ba-b6b9-b172abd2302f" LABEL="Schemas">
        <mets:fptr FILEID="uuid-f4ac4343-b5c2-442c-99ee-7857ea642321" />
      </mets:div>
    </mets:div>
  </mets:structMap>
</mets:mets>