﻿<?xml version="1.0" encoding="utf-8"?>
<mets:mets xsi:schemaLocation="http://www.loc.gov/METS/ http://www.loc.gov/standards/mets/mets.xsd http://www.w3.org/1999/xlink http://www.loc.gov/standards/mets/xlink.xsd https://DILCIS.eu/XML/METS/CSIPExtensionMETS https://earkcsip.dilcis.eu/schema/DILCISExtensionMETS.xsd" xmlns:xsi="http://www.w3.org/2001/XMLSchema-instance" xmlns:mets="http://www.loc.gov/METS/" xmlns:csip="https://DILCIS.eu/XML/METS/CSIPExtensionMETS" xmlns:sip="https://DILCIS.eu/XML/METS/SIPExtensionMETS" xmlns:xlink="http://www.w3.org/1999/xlink" OBJID="rep1-derived-product-model" TYPE="OTHER" csip:OTHERTYPE="Product Model Data" csip:CONTENTINFORMATIONTYPE="cits3dhm_v1_0" PROFILE="https://cits3dpm.dilcis.eu/profile/E-ARK-3dhm-REP-v1-0-0.xml">
  <mets:metsHdr CREATEDATE="2024-09-01T13:44:31" LASTMODDATE="2024-09-01T13:44:31" RECORDSTATUS="NEW" csip:OAISPACKAGETYPE="SIP">
    <mets:agent ROLE="CREATOR" TYPE="OTHER" OTHERTYPE="SOFTWARE">
      <mets:name>Penwern Curate</mets:name>
      <mets:note csip:NOTETYPE="SOFTWARE VERSION">1.1.4</mets:note>
    </mets:agent>
  </mets:metsHdr>
  <mets:amdSec>
    <mets:digiprovMD ID="uuid-1278b3ac-7ca8-11ee-b962-0242ac120002" CREATED="2024-09-01t13:44:31" STATUS="CURRENT">
      <mets:mdRef xlink:href="metadata/preservation/premis3.xml" xlink:type="simple" MDTYPE="PREMIS" LOCTYPE="URL" MIMETYPE="text/xml" SIZE="30217" CREATED="2023-10-17T15:58:15" CHECKSUM=" 16A6A6CDC0C75AABFA404640672A805776159A4E4D70D3EF3DB5971B404B0030" CHECKSUMTYPE="SHA-256" />
    </mets:digiprovMD>
  </mets:amdSec>
  <mets:fileSec ID="uuid-1a1202a7-ebee-4bac-8f8c-dc1278478d54">
    <mets:fileGrp USE="representations" ID="uuid-1f641eca-c8a4-46e6-905f-69420f32dc18">
      <mets:file ID="uuid-d2ea8455-d8ff-49a8-b29c-7a03d9a70b7f" CHECKSUM="f1030ff077fa0ac84462f22c9818d698b1ae44d8f01da25e9b0b2b0e413b502c" CHECKSUMTYPE="SHA-256" MIMETYPE="application/x-step" SIZE="230761906" CREATED="2023-09-01T13:31:53">
        <mets:FLocat xlink:href="data\Berlage brug-B.ifc" LOCTYPE="URL" xlink:type="simple" />
      </mets:file>
    </mets:fileGrp>
    <mets:fileGrp ID="uuid-419e601f-fd00-459e-a60e-0fe4a094afd3" USE="Authentication Documentation">
      <mets:file ID="uuid-2c71df69-6c95-459b-8052-093d95f70706" MIMETYPE="text/xml" SIZE="3" CREATED="2023-08-31T13:18:54" CHECKSUM="160D71F56C2CE685CE7FBD679076FD76B3C67EE9AB5062F5EF5C99AE39C1F43B" CHECKSUMTYPE="SHA-256">
        <mets:FLocat LOCTYPE="URL" xlink:type="simple" xlink:href="documentation/authentication/dataqualityrep_Berluge brug-B.xml" xmlns:xlink="http://www.w3.org/1999/xlink" />
      </mets:file>
    </mets:fileGrp>
    <mets:fileGrp ID="uuid-81c5dfc6-6630-4c18-845c-d0447bcc9a2f" USE="Paradata Documentation">
      <mets:file ID="uuid-3f37418f-07ef-434c-8cb9-121e7e498268" MIMETYPE="text/xml" SIZE="95" CREATED="2024-07-05T12:54:03" CHECKSUM="160D71F56C2CE685CE7FBD679076FD76B3C67EE9AB5062F5EF5C99AE39C1F43B" CHECKSUMTYPE="SHA-256">
        <mets:FLocat LOCTYPE="URL" xlink:type="simple" xlink:href="documentation/paradata/paradata-Berlage brug-B-ifc.xml" xmlns:xlink="http://www.w3.org/1999/xlink" />
      </mets:file>
    </mets:fileGrp>
  </mets:fileSec>
  <mets:structMap ID="uuid-285d345a-73f4-40f6-a28b-2c2d89bf363a" TYPE="PHYSICAL" LABEL="CSIP">
    <mets:div ID="uuid-25f7133e-e74f-4354-8ad1-633eecefb9fb" LABEL="rep1-derived-model">
      <mets:div ID="uuid-3fa67098-0742-486d-bd7b-56d8a46430dd" LABEL="Data">
        <mets:fptr FILEID="uuid-1f641eca-c8a4-46e6-905f-69420f32dc18" />
      </mets:div>
      <mets:div ID="uuid-1f641eca-c8a4-46e6-905f-69420f32dc18" LABEL="Documentation">
        <mets:div ID="uuid-3e1aa740-309e-4964-9b64-22b4c1c1b281" LABEL="Authentication Documentation">
          <mets:fileptr FILEID="uuid-419e601f-fd00-459e-a60e-0fe4a094afd3" />
        </mets:div>
        <mets:div ID="uuid-48f37a0b-fbfa-45ab-b17e-10bdf53d986b" LABEL="Paradata Documentation">
          <mets:fileptr FILEID="uuid-81c5dfc6-6630-4c18-845c-d0447bcc9a2f" />
        </mets:div>
      </mets:div>
    </mets:div>
  </mets:structMap>
</mets:mets>