﻿<?xml version="1.0" encoding="utf-8"?>
<mets xsi:schemaLocation="http://www.loc.gov/METS/ http://www.loc.gov/standards/mets/mets.xsd http://www.w3.org/1999/xlink http://www.loc.gov/standards/mets/xlink.xsd https://DILCIS.eu/XML/METS/CSIPExtensionMETS https://earkcsip.dilcis.eu/schema/DILCISExtensionMETS.xsd" xmlns:xsi="http://www.w3.org/2001/XMLSchema-instance" xmlns:mets="http://www.loc.gov/METS/" xmlns:csip="https://DILCIS.eu/XML/METS/CSIPExtensionMETS" xmlns:xlink="http://www.w3.org/1999/xlink" xmlns:sip="https://DILCIS.eu/XML/METS/SIPExtensionMETS" OBJID="rep2-original-product-model" LABEL="Mars Rover Information Package" TYPE="OTHER" csip:OTHERTYPE="Product Model Data" csip:CONTENTINFORMATIONTYPE="cits3dhm_v1_0" PROFILE="https://earkcsip.dilcis.eu/profile/E-ARK-3dhm-REP-v1-0-0.xml">
  <mets:metsHdr CREATEDATE="2024-09-01T13:44:33" LASTMODDATE="2024-09-01T13:44:33" RECORDSTATUS="NEW" csip:OAISPACKAGETYPE="SIP">
    <agent ROLE="CREATOR" TYPE="OTHER" OTHERTYPE="SOFTWARE">
      <name>Penwern Curate</name>
      <note csip:NOTETYPE="SOFTWARE VERSION">1.4.0</note>
    </agent>
  </mets:metsHdr>
  <mets:amdSec>
    <mets:digiprovMD ID="uuid-315c82fd-2390-40b5-acdf-8bfa00e8e9c9" CREATED="2023-09-01t13:44:31" STATUS="CURRENT">
      <mets:mdRef xlink:href="metadata/preservation/premis4.xml" xlink:type="simple" MDTYPE="PREMIS" LOCTYPE="URL" MIMETYPE="text/xml" SIZE="286" CREATED="2023-10-04T12:31:53" CHECKSUM=" 16A6A6CDC0C75AABFA404640672A805776159A4E4D70D3EF3DB5971B404B0030" CHECKSUMTYPE="SHA-256" xmlns:xlink="http://www.w3.org/1999/xlink" />
    </mets:digiprovMD>
  </mets:amdSec>
  <mets:fileSec ID="uuid-3d8db7ba-7cea-4051-b945-50ebb81df385">
    <mets:fileGrp ID="uuid-2ec6d592-ac99-4e08-a41b-ae9665cd9e5e" USE="Authentication Documentation" ADMID="uuid-315c82fd-2390-40b5-acdf-8bfa00e8e9c9">
      <mets:file ID="uuid-04eb7cfc-04a4-48b7-98bb-eacd1d8e8a20" CHECKSUM="19b222eb87047697b410aafbf6b0aba14a9ca23bdc1b012975fce154fa43990f" CHECKSUMTYPE="SHA-256" MIMETYPE="text/xml" SIZE="3" CREATED="2023-08-31T13:18:54">
        <mets:FLocat LOCTYPE="URL" xlink:type="simple" xlink:href="documentation/authentication/dataqualityrep_Berlage brug.xml" xmlns:xlink="http://www.w3.org/1999/xlink" />
      </mets:file>
    </mets:fileGrp>
    <mets:fileGrp ID="uuid-c4199ce4-941a-4311-a546-921bd446e121" USE="Paradata Documentation" ADMID="uuid-315c82fd-2390-40b5-acdf-8bfa00e8e9c9">
      <mets:file ID="uuid-2ec6d592-ac99-4e08-a41b-ae9665cd9e5e" CHECKSUM="c620d411ec95a4cd76c835c6fc15b1a3bc78e94ca08f16f758565f56f0f0f114" CHECKSUMTYPE="SHA-256" MIMETYPE="text/xml" SIZE="95" CREATED="2024-07-05T12:53:04">
        <mets:FLocat LOCTYPE="URL" xlink:type="simple" xlink:href="documentation/paradata/paradata-Berlage brug-B-obj.xml" xmlns:xlink="http://www.w3.org/1999/xlink" />
      </mets:file>
    </mets:fileGrp>
    <mets:fileGrp ID="uuid-7087a4c6-5ab8-4270-8ebe-07337244cd01" USE="Representations" ADMID="uuid-315c82fd-2390-40b5-acdf-8bfa00e8e9c9">
      <mets:file ID="uuid-355a5319-4ced-4523-b4fc-bbc3ef9ee70f" CHECKSUM="c25b3b4db25e688b60fcef1706712fd0cf150d7fb95a9d5dee3c705d14e1f238" CHECKSUMTYPE="SHA-256" MIMETYPE="application/object" SIZE="679921" CREATED="2023-09-01T13:31:54">
        <mets:FLocat xlink:href="data\Berlage brug-B.obj" LOCTYPE="URL" xlink:type="simple" />
      </mets:file>
      <mets:file ID="uuid-c1bf010a-e620-4c17-9874-1a41b3adb6f7" CHECKSUM="20543e160888496873baa0cab30e3d0d3be8e1d8b853fb0aa07e0f570b214719" CHECKSUMTYPE="SHA-256" MIMETYPE="model/mtl" SIZE="5705" CREATED="2023-09-01T13:31:54">
        <mets:FLocat xlink:href="data\Berlage brug-B.mtl" LOCTYPE="URL" xlink:type="simple" />
      </mets:file>
    </mets:fileGrp>
  </mets:fileSec>
  <mets:structMap ID="uuid-deb5eedb-cbf5-4a1a-bb51-7551838628c2" TYPE="PHYSICAL" LABEL="CSIP">
    <mets:div ID="uuid-81cf12a0-d576-4c2b-9d5c-97cd934fc49a" LABEL="rep2-original-model">
      <mets:div ID="uuid-3372f053-655f-4726-ada8-6baeb76f1076" LABEL="Data">
        <mets:fptr FILEID="uuid-7087a4c6-5ab8-4270-8ebe-07337244cd01" />
      </mets:div>
      <mets:div ID="uuid-3e1aa740-309e-4964-9b64-22b4c1c1b281" LABEL="Documentation">
        <mets:div ID="uuid-1f641eca-c8a4-46e6-905f-69420f32dc18" LABEL="Authentication Documentation">
          <mets:fptr FILEID="uuid-2ec6d592-ac99-4e08-a41b-ae9665cd9e5e" />
        </mets:div>
        <mets:div ID="uuid-cc1c462f-7695-4e76-8e07-c56ef56cc3d7" LABEL="Paradata Documentation">
          <mets:fptr FILEID="uuid-c4199ce4-941a-4311-a546-921bd446e121" />
        </mets:div>
      </mets:div>
    </mets:div>
  </mets:structMap>
</mets>