﻿<?xml version="1.0" encoding="utf-8"?>
<premis:premis xmlns:premis="http://www.loc.gov/premis/v3" xmlns:xsi="http://www.w3.org/2001/XMLSchema-instance" xsi:schemaLocation="http://www.loc.gov/premis/v3 http://www.loc.gov/standards/premis/v3/premis.xsd" version="3.0">
  <premis:object xsi:type="premis:file" xsi:schemaLocation="http://www.loc.gov/premis/v3 http://www.loc.gov/standards/premis/v3/premis.xsd" version="3.0">
    <premis:objectIdentifier>
      <premis:objectIdentifierType>UUID</premis:objectIdentifierType>
      <premis:objectIdentifierValue>3964b3ff-da00-483a-a2d4-98b6c3b17de4</premis:objectIdentifierValue>
    </premis:objectIdentifier>
    <premis:objectCharacteristics>
      <premis:compositionLevel>0</premis:compositionLevel>
      <premis:fixity>
        <premis:messageDigestAlgorithm>sha256</premis:messageDigestAlgorithm>
        <premis:messageDigest>506823058942ac69b5e677a333eb9c494cd854da38cf86f11a72f501a68faeb8</premis:messageDigest>
      </premis:fixity>
      <premis:size>208655915</premis:size>
      <premis:format>
        <premis:formatDesignation>
          <premis:formatName>Acrobat PDF 1.6 - Portable Document Format</premis:formatName>
          <premis:formatVersion>1.6</premis:formatVersion>
        </premis:formatDesignation>
        <premis:formatRegistry>
          <premis:formatRegistryName>PRONOM</premis:formatRegistryName>
          <premis:formatRegistryKey>fmt/20</premis:formatRegistryKey>
        </premis:formatRegistry>
      </premis:format>
      <premis:creatingApplication>
        <premis:dateCreatedByApplication>2023-08-09</premis:dateCreatedByApplication>
      </premis:creatingApplication>
    </premis:objectCharacteristics>
    <premis:originalName>Mars Rover/documentation/images/3DPDF_Rover.pdf</premis:originalName>
  </premis:object>
  <premis:object xsi:type="premis:file" xsi:schemaLocation="http://www.loc.gov/premis/v3 http://www.loc.gov/standards/premis/v3/premis.xsd" version="3.0">
    <premis:objectIdentifier>
      <premis:objectIdentifierType>UUID</premis:objectIdentifierType>
      <premis:objectIdentifierValue>a9bf9e98-5b08-4453-a0d6-472e345d7362</premis:objectIdentifierValue>
    </premis:objectIdentifier>
    <premis:objectCharacteristics>
      <premis:compositionLevel>0</premis:compositionLevel>
      <premis:fixity>
        <premis:messageDigestAlgorithm>sha256</premis:messageDigestAlgorithm>
        <premis:messageDigest>bba7f7f2a0494e0dcf3d76b628e45222e42c268291449c8071a0373fc86eda60</premis:messageDigest>
      </premis:fixity>
      <premis:size>166849</premis:size>
      <premis:format>
        <premis:formatDesignation>
          <premis:formatName>Acrobat PDF 1.7 - Portable Document Format</premis:formatName>
          <premis:formatVersion>1.7</premis:formatVersion>
        </premis:formatDesignation>
        <premis:formatRegistry>
          <premis:formatRegistryName>PRONOM</premis:formatRegistryName>
          <premis:formatRegistryKey>fmt/276</premis:formatRegistryKey>
        </premis:formatRegistry>
      </premis:format>
      <premis:creatingApplication>
        <premis:dateCreatedByApplication>2023-08-09</premis:dateCreatedByApplication>
      </premis:creatingApplication>
    </premis:objectCharacteristics>
    <premis:originalName>Mars Rover/documentation/licences/prostep-ivip-MR-LICENSE-2019.pdf</premis:originalName>
  </premis:object>
  <premis:object xsi:type="premis:file" xsi:schemaLocation="http://www.loc.gov/premis/v3 http://www.loc.gov/standards/premis/v3/premis.xsd" version="3.0">
    <premis:objectIdentifier>
      <premis:objectIdentifierType>UUID</premis:objectIdentifierType>
      <premis:objectIdentifierValue>58ce6ec6-47da-11ee-be56-0242ac120002</premis:objectIdentifierValue>
    </premis:objectIdentifier>
    <premis:objectCharacteristics>
      <premis:compositionLevel>0</premis:compositionLevel>
      <premis:fixity>
        <premis:messageDigestAlgorithm>sha256</premis:messageDigestAlgorithm>
        <premis:messageDigest>bba7f7f2a0494e0dcf3d76b628e45222e42c268291449c8071a0373fc86eda60</premis:messageDigest>
      </premis:fixity>
      <premis:size>7321</premis:size>
      <premis:format>
        <premis:formatDesignation>
          <premis:formatName>Acrobat PDF 1.7 - Portable Document Format</premis:formatName>
          <premis:formatVersion>1.7</premis:formatVersion>
        </premis:formatDesignation>
        <premis:formatRegistry>
          <premis:formatRegistryName>PRONOM</premis:formatRegistryName>
          <premis:formatRegistryKey>fmt/276</premis:formatRegistryKey>
        </premis:formatRegistry>
      </premis:format>
      <premis:creatingApplication>
        <premis:dateCreatedByApplication>2023-08-09</premis:dateCreatedByApplication>
      </premis:creatingApplication>
    </premis:objectCharacteristics>
    <premis:originalName>Mars Rover/documentation/project overiew/MARS Rover - A model for open collaboration-v24-20230127_161219.pdf</premis:originalName>
  </premis:object>
  <premis:object xsi:type="premis:file" xsi:schemaLocation="http://www.loc.gov/premis/v3 http://www.loc.gov/standards/premis/v3/premis.xsd" version="3.0">
    <premis:objectIdentifier>
      <premis:objectIdentifierType>UUID</premis:objectIdentifierType>
      <premis:objectIdentifierValue>58ce71be-47da-11ee-be56-0242ac120002</premis:objectIdentifierValue>
    </premis:objectIdentifier>
    <premis:objectCharacteristics>
      <premis:compositionLevel>0</premis:compositionLevel>
      <premis:fixity>
        <premis:messageDigestAlgorithm>sha256</premis:messageDigestAlgorithm>
        <premis:messageDigest>bba7f7f2a0494e0dcf3d76b628e45222e42c268291449c8071a0373fc86eda60</premis:messageDigest>
      </premis:fixity>
      <premis:size>700</premis:size>
      <premis:format>
        <premis:formatDesignation>
          <premis:formatName>Acrobat PDF 1.7 - Portable Document Format</premis:formatName>
          <premis:formatVersion>1.7</premis:formatVersion>
        </premis:formatDesignation>
        <premis:formatRegistry>
          <premis:formatRegistryName>PRONOM</premis:formatRegistryName>
          <premis:formatRegistryKey>fmt/276</premis:formatRegistryKey>
        </premis:formatRegistry>
      </premis:format>
      <premis:creatingApplication>
        <premis:dateCreatedByApplication>2023-08-09</premis:dateCreatedByApplication>
      </premis:creatingApplication>
    </premis:objectCharacteristics>
    <premis:originalName>Mars Rover/documentation/submission agreement/submissionagreement.pdf</premis:originalName>
  </premis:object>
</premis:premis>